floor_primary,Floor Area [m2]
-1,910.88
0,1680.58
1,1368.6000000000001
2,1520.6299999999999
3,1520.6299999999999
4,1185.17
5,1151.32
6,261.96999999999997
